absorbansi,Perlakuan,grup,Aktivitas
0.082,0,"T+L (non), 55 ?C",15.61904762
0.084,0,"T+L (non), 55 ?C",16
0.065,0,"T+L (non), 55 ?C",12.38095238
0.011,0,"T+L (non), 55 ?C",2.095238095
0.063,0,"T+L (non), 55 ?C",12
0.037,0,"T+L (non), 55 ?C",7.047619048
0.032,0,"T+L (non), 55 ?C",6.095238095
0.164,24,"T+L (non), 55 ?C",31.23809524
0.171,24,"T+L (non), 55 ?C",32.57142857
0.164,24,"T+L (non), 55 ?C",31.23809524
0.154,24,"T+L (non), 55 ?C",29.33333333
0.143,24,"T+L (non), 55 ?C",27.23809524
0.138,24,"T+L (non), 55 ?C",26.28571429
0.153,24,"T+L (non), 55 ?C",29.14285714
0.123,48,"T+L (non), 55 ?C",23.42857143
0.145,48,"T+L (non), 55 ?C",27.61904762
0.128,48,"T+L (non), 55 ?C",24.38095238
0.164,48,"T+L (non), 55 ?C",31.23809524
0.173,48,"T+L (non), 55 ?C",32.95238095
0.191,48,"T+L (non), 55 ?C",36.38095238
0.176,48,"T+L (non), 55 ?C",33.52380952
0.177,72,"T+L (non), 55 ?C",33.71428571
0.163,72,"T+L (non), 55 ?C",31.04761905
0.203,72,"T+L (non), 55 ?C",38.66666667
0.175,72,"T+L (non), 55 ?C",33.33333333
0.161,72,"T+L (non), 55 ?C",30.66666667
0.154,72,"T+L (non), 55 ?C",29.33333333
0.178,72,"T+L (non), 55 ?C",33.9047619
0.073,0,"T+L (ind), 55 ?C",13.9047619
0.057,0,"T+L (ind), 55 ?C",10.85714286
0.037,0,"T+L (ind), 55 ?C",7.047619048
0.047,0,"T+L (ind), 55 ?C",8.952380952
0.071,0,"T+L (ind), 55 ?C",13.52380952
0.046,0,"T+L (ind), 55 ?C",8.761904762
0.044,0,"T+L (ind), 55 ?C",8.380952381
0.187,24,"T+L (ind), 55 ?C",35.61904762
0.173,24,"T+L (ind), 55 ?C",32.95238095
0.176,24,"T+L (ind), 55 ?C",33.52380952
0.174,24,"T+L (ind), 55 ?C",33.14285714
0.156,24,"T+L (ind), 55 ?C",29.71428571
0.155,24,"T+L (ind), 55 ?C",29.52380952
0.163,24,"T+L (ind), 55 ?C",31.04761905
0.123,48,"T+L (ind), 55 ?C",23.42857143
0.14,48,"T+L (ind), 55 ?C",26.66666667
0.12,48,"T+L (ind), 55 ?C",22.85714286
0.181,48,"T+L (ind), 55 ?C",34.47619048
0.184,48,"T+L (ind), 55 ?C",35.04761905
0.217,48,"T+L (ind), 55 ?C",41.33333333
0.215,48,"T+L (ind), 55 ?C",40.95238095
0.18,72,"T+L (ind), 55 ?C",34.28571429
0.169,72,"T+L (ind), 55 ?C",32.19047619
0.166,72,"T+L (ind), 55 ?C",31.61904762
0.174,72,"T+L (ind), 55 ?C",33.14285714
0.158,72,"T+L (ind), 55 ?C",30.0952381
0.165,72,"T+L (ind), 55 ?C",31.42857143
0.178,72,"T+L (ind), 55 ?C",33.9047619
0.112,0,"T+L(non), 37 ?C",21.33333333
0.093,0,"T+L(non), 37 ?C",17.71428571
0.095,0,"T+L(non), 37 ?C",18.0952381
0.119,0,"T+L(non), 37 ?C",22.66666667
0.114,0,"T+L(non), 37 ?C",21.71428571
0.058,0,"T+L(non), 37 ?C",11.04761905
0.102,0,"T+L(non), 37 ?C",19.42857143
0.169,24,"T+L(non), 37 ?C",32.19047619
0.156,24,"T+L(non), 37 ?C",29.71428571
0.159,24,"T+L(non), 37 ?C",30.28571429
0.161,24,"T+L(non), 37 ?C",30.66666667
0.164,24,"T+L(non), 37 ?C",31.23809524
0.16,24,"T+L(non), 37 ?C",30.47619048
0.154,24,"T+L(non), 37 ?C",29.33333333
0.116,48,"T+L(non), 37 ?C",22.0952381
0.121,48,"T+L(non), 37 ?C",23.04761905
0.093,48,"T+L(non), 37 ?C",17.71428571
0.127,48,"T+L(non), 37 ?C",24.19047619
0.145,48,"T+L(non), 37 ?C",27.61904762
0.186,48,"T+L(non), 37 ?C",35.42857143
0.208,48,"T+L(non), 37 ?C",39.61904762
0.2,72,"T+L(non), 37 ?C",38.0952381
0.199,72,"T+L(non), 37 ?C",37.9047619
0.207,72,"T+L(non), 37 ?C",39.42857143
0.18,72,"T+L(non), 37 ?C",34.28571429
0.209,72,"T+L(non), 37 ?C",39.80952381
0.195,72,"T+L(non), 37 ?C",37.14285714
0.19,72,"T+L(non), 37 ?C",36.19047619
0.13,0,"L, 55 ?C",24.76190476
0.127,0,"L, 55 ?C",24.19047619
0.102,0,"L, 55 ?C",19.42857143
0.144,0,"L, 55 ?C",27.42857143
0.097,0,"L, 55 ?C",18.47619048
0.134,0,"L, 55 ?C",25.52380952
0.123,0,"L, 55 ?C",23.42857143
0.143,24,"L, 55 ?C",27.23809524
0.147,24,"L, 55 ?C",28
0.145,24,"L, 55 ?C",27.61904762
0.138,24,"L, 55 ?C",26.28571429
0.135,24,"L, 55 ?C",25.71428571
0.13,24,"L, 55 ?C",24.76190476
0.137,24,"L, 55 ?C",26.0952381
0.109,48,"L, 55 ?C",20.76190476
0.084,48,"L, 55 ?C",16
0.071,48,"L, 55 ?C",13.52380952
0.111,48,"L, 55 ?C",21.14285714
0.143,48,"L, 55 ?C",27.23809524
0.158,48,"L, 55 ?C",30.0952381
0.172,48,"L, 55 ?C",32.76190476
0.172,72,"L, 55 ?C",32.76190476
0.17,72,"L, 55 ?C",32.38095238
0.149,72,"L, 55 ?C",28.38095238
0.153,72,"L, 55 ?C",29.14285714
0.157,72,"L, 55 ?C",29.9047619
0.154,72,"L, 55 ?C",29.33333333
0.168,72,"L, 55 ?C",32
0.157,0,"L, 37 ?C",29.9047619
0.149,0,"L, 37 ?C",28.38095238
0.099,0,"L, 37 ?C",18.85714286
0.124,0,"L, 37 ?C",23.61904762
0.078,0,"L, 37 ?C",14.85714286
0.066,0,"L, 37 ?C",12.57142857
0.099,0,"L, 37 ?C",18.85714286
0.124,24,"L, 37 ?C",23.61904762
0.108,24,"L, 37 ?C",20.57142857
0.079,24,"L, 37 ?C",15.04761905
0.108,24,"L, 37 ?C",20.57142857
0.118,24,"L, 37 ?C",22.47619048
0.136,24,"L, 37 ?C",25.9047619
0.134,24,"L, 37 ?C",25.52380952
0.111,48,"L, 37 ?C",21.14285714
0.079,48,"L, 37 ?C",15.04761905
0.069,48,"L, 37 ?C",13.14285714
0.076,48,"L, 37 ?C",14.47619048
0.107,48,"L, 37 ?C",20.38095238
0.209,48,"L, 37 ?C",39.80952381
0.087,48,"L, 37 ?C",16.57142857
0.225,72,"L, 37 ?C",42.85714286
0.221,72,"L, 37 ?C",42.0952381
0.238,72,"L, 37 ?C",45.33333333
0.211,72,"L, 37 ?C",40.19047619
0.18,72,"L, 37 ?C",34.28571429
0.236,72,"L, 37 ?C",44.95238095
0.211,72,"L, 37 ?C",40.19047619
